"chapter","section","topic","menu","name_1e","name_2","name_2_raw","signature"
"5","5.2.2","Display a dataset","Data|Display","(print)","xdisplay","xdisplay","xdisplay(net, relation=NULL)"
"5","5.4","Import network data (any format)","Data|Import; Data|Data Editors|DL Editor","xCreateProject, xAddToProject","xread","xread","xread(file, filetype=NULL, layout=c(""matrix"",""edgelist"",""nodelist""), labels=TRUE, ...)"
"5","5.4","Project bundle","(UCINET folder of files)","xCreateProject, xAddToProject","xcreateproject","xcreateproject, xaddtoproject","xcreateproject(name); xaddtoproject(project, net, attributes)"
"5","5.4.1","Adjacency matrix -> network","File|Save Ucinet (DL editor)","xAddToProject","as_xucinet","as_xucinet","as_xucinet(x, directed=NULL, mode=NULL, title=NULL)"
"5","5.4.2","Edgelist -> network","File|Save Ucinet (DL editor)","xAddToProject","xfromedgelist","xfromedgelist","xfromedgelist(df, from=1, to=2, weight=NULL, directed=NULL)"
"5","5.4.3","Nodelist -> network","File|Save Ucinet (DL editor)","xAddToProject","xfromnodelist","xfromnodelist","xfromnodelist(df, ego=1, directed=TRUE)"
"5","5.4.4","Attribute data; align node order","Data|Match Datasets","xAddToProject","xmatch","xmatch","xmatch(net, attributes, by=""rownames"")"
"5","5.4.5","Two-mode data import","(Data|Import)","xAddToProject","xread","xread / as_xucinet","as_xucinet(x, mode=""2-mode"")"
"5","5.4.6","Multirelational datasets: join, unpack, time-stack","Data|Join|Join Matrices; Data|Unpack; Transform|Timestack","(none)","xjoin","xjoin, xunpack","xjoin(..., names=NULL); xunpack(net, relation=)"
"5","5.5.1","Dichotomize (incl. interactive: by density / max correlation)","Transform|Dichotomize; Transform|Dichotomize Interactive","xTieDichotomize (ASNR overview: xDichotomize)","xdichotomize","xdichotomize","xdichotomize(net, cutoff=NULL, op="">"", density=NULL, method=c(""value"",""density"",""maxcor""))"
"5","5.5.2","Combine relations (min/max/sum/mean)","(Transform|Symmetrize logic; no direct menu)","xTieCombine","xcombine","xcombine","xcombine(net, relations=NULL, method=c(""min"",""max"",""sum"",""mean""))"
"5","5.5.2","Correlate matrices; factor analysis of relations","Tools|Similarities & Distances; Tools|Scaling/Decomposition|Factor Analysis","xQAPCorrelation","xsimilarities","xsimilarities","xsimilarities(net, method=c(""correlation"",""euclidean"",""match"",""jaccard""), by=c(""rows"",""cols"",""relations""))"
"5","5.5.3","Transpose","Transform|Transpose","xTieTranspose (overview: xTranspose)","xtranspose","xtranspose","xtranspose(net)"
"5","5.5.4","Symmetrize","Transform|Symmetrize","xTieSymmetrize (overview: xSymmetrize)","xsymmetrize","xsymmetrize","xsymmetrize(net, method=c(""max"",""min"",""sum"",""mean"",""upper"",""lower""))"
"5","5.5.5","Impute missing ties","Transform|Znidarsic et al Missing Data Imputation","xImputeMissingData","ximpute","ximpute","ximpute(net, method=c(""reconstruction"",""zero"",""mean"",...))"
"5","5.5.6","Normalize","Transform|Normalize","xTieNormalization (overview: xNormalize)","xnormalize","xnormalize","xnormalize(net, by=c(""rows"",""cols"",""matrix""), method=c(""sum"",""max"",""mean"",""zscore"",""euclidean""))"
"5","5.5.7","Geodesic distances","Network|Dyadic Measures|Geodesic Distances","xGeodesicDistance","xgeodesic","xgeodesic","xgeodesic(net, directed=NULL, unreachable=NA)"
"5","5.5.8","Combine nodes by attribute (aggregate)","Network|Mixing Tables/Density by Groups","xCombineNodes","xcombinenodes","xcombinenodes","xcombinenodes(net, attribute, method=c(""sum"",""mean"",""density"",""max""))"
"5","5.6","Attribute to matrix","Data|Attribute To Matrix","xAttributeToMatrix","xattributetomatrix","xattributetomatrix","xattributetomatrix(attribute, method=c(""same"",""diff"",""absdiff"",""sum"",""product"",""sender"",""receiver""))"
"5","5.7.2","Export to file","Data|Export|CSV; Data|Export|Excel; File|Save Ucinet","(save / write.csv)","xsave","xsave, xwrite","xsave(net, file, filetype=c(""uci"",""ucinet"",""dl"",""csv"",""xlsx"",""vna""))"
"5","5.7.3 (ASNR)","Convert to igraph / network / tidygraph","(none)","xConvertData","as_igraph","as_igraph, as_network, as_tbl_graph","as_igraph(net)"
"5","5.9","Recode values","Transform|Recode","(none)","xrecode","xrecode","xrecode(net, from=, to=)"
"5","5.9","Multiplex (combine relations into one coded matrix)","Transform|Graph Theoretic|Multiplex","(none)","xmultiplex","xmultiplex","xmultiplex(net)"
"6","6.2","Multidimensional scaling","Tools|Scaling/Decomposition|Metric MDS / Non-metric MDS","xMDS","xmds","xmds","xmds(net, method=c(""metric"",""nonmetric""), dims=2, plot=TRUE)"
"6","6.3","Correspondence analysis","Tools|Scaling/Decomposition|Correspondence Analysis","xCorrespondenceAnalysis","xcorrespondence","xcorrespondence","xcorrespondence(net, dims=2, plot=TRUE)"
"6","6.4","Johnson's hierarchical clustering","Tools|Cluster Analysis|Johnson's Hierarchical","xHierarchicalClustering (0.x: xHierarchicalCluster)","xhclust","xhclust","xhclust(x, method=c(""average"",""single"",""complete""), k=NULL, plot=TRUE)"
"7","7.2–7.5","Draw a network (layouts, node/tie attributes, filtering)","NetDraw (all of ch 7)","(igraph plot in ASNR)","xplot","xplot","xplot(net, layout=, node_color=, node_size=, node_shape=, label=, edge_width=, keep=, ego=, interactive=FALSE)"
"7","7.6","Visualizing network change (new in 3e)","NetDraw; Tools|Correlation","(none)","xplot","xplot (repeated layout)","xplot(net2, layout=xlayout(net1))"
"7","7.7","Exporting visualizations (new in 3e)","File|Save Diagram As; File|Print","(none)","ggsave","(ggsave)","ggsave(""fig.png"")"
"8","8.2","Egonet tie composition (degree per relation, heterogeneity)","Network|Ego Networks|Egonet Tie Composition","xTieComposition","xtiecomposition","xtiecomposition","xtiecomposition(net, relations=NULL)"
"8","8.3","Valued tie composition","Network|Ego Networks|Egonet Valued Tie Composition","xValuedTieComposition","xvaluedtiecomposition","xvaluedtiecomposition","xvaluedtiecomposition(net, direction=c(""out"",""in""))"
"8","8.4.1–8.4.2","Alter composition, categorical and continuous","Network|Ego Networks|Egonet Alter Composition|Categorical / Continuous","xAlterCompositionCat, xAlterCompositionCon","xaltercomposition","xaltercomposition","xaltercomposition(net, attribute, type=NULL)"
"8","8.5.1–8.5.2","Ego–alter similarity (homophily), categorical and continuous","Network|Ego Networks|Ego-Alter Similarity|Categorical / Continuous","xEgoAlterSimilarityCat, xEgoAlterSimilarityCon","xegoaltersimilarity","xegoaltersimilarity","xegoaltersimilarity(net, attribute, type=NULL)"
"8","8.6.1","Structural holes (constraint, effective size, efficiency, hierarchy)","Network|Ego Networks|Structural Holes","xStructuralHoles","xstructuralholes","xstructuralholes","xstructuralholes(net, directed=NULL)"
"8","8.6.2","Egonet basic measures (size, ties, density, components, ...)","Network|Ego Networks|Egonet Basic Measures","xEgonetStructure","xegonet","xegonet","xegonet(net, directed=NULL, include_ego=FALSE)"
"9","13 / 9","Two-mode centrality","Network|2-mode Networks|2-mode Centrality","(none)","xdegree","xdegree etc. with mode=","xdegree(net, mode=""both"")"
"9","9 (all)","Multiple centrality measures in one table","Network|Centrality|Multiple Measures","(none)","xcentrality","xcentrality","xcentrality(net, measures=c(""degree"",""closeness"",""betweenness"",""eigenvector""))"
"9","9.3.1 / 9.4.1","Degree centrality (in/out, normalized)","Network|Centrality|Degree","xDegreeCentrality","xdegree","xdegree","xdegree(net, directed=NULL, normalize=TRUE)"
"9","9.3.2 / 9.4.2","Eigenvector centrality","Network|Centrality|Eigenvector","xEigenvectorCentrality","xeigenvector","xeigenvector","xeigenvector(net, directed=NULL, normalize=TRUE)"
"9","9.3.3 / 9.4.2","Beta (Bonacich power) centrality","Network|Centrality|Beta Centrality (Bonacich Power)","xBetaCentrality","xbeta","xbeta","xbeta(net, beta=, directed=NULL)"
"9","9.3.4 / 9.4.4","Closeness centrality (Freeman, reciprocal, harmonic; disconnected options)","Network|Centrality|Closeness Measures","xClosenessCentrality","xcloseness","xcloseness","xcloseness(net, method=c(""freeman"",""reciprocal"",""harmonic"",""valente""), directed=NULL)"
"9","9.3.5","Beta-reach centrality","Network|Centrality|Beta Reach","xBetaReachCentrality","xbetareach","xbetareach","xbetareach(net, beta=, directed=NULL)"
"9","9.3.5 / 9.4.4","k-step reach centrality","Network|Centrality|Reach","xReachCentrality","xreach","xreach","xreach(net, k=2, directed=NULL)"
"9","9.3.6","Betweenness centrality","Network|Centrality|Freeman Betweenness|Node Betweenness","xBetweennessCentrality","xbetweenness","xbetweenness","xbetweenness(net, directed=NULL, normalize=TRUE)"
"9","9.4.3","Hubs and authorities (new in 3e)","Network|Centrality|Hubs & Authorities","(none)","xhubsauthorities","xhubsauthorities","xhubsauthorities(net)"
"9","9.6.1","PN centrality (negative ties)","Network|Centrality|PN","xPNCentrality","xpncentrality","xpncentrality","xpncentrality(net, positive=, negative=)"
"9","9.7","Induced centrality","Network|Centrality|Induced","xInducedCentrality","xinduced","xinduced","xinduced(net, measure=c(""density"",""components"",...))"
"10","10.2.1","Density, average degree","Network|Whole Networks|Density|Density Overall","xDensity","xdensity","xdensity","xdensity(net, directed=NULL, weighted=NULL)"
"10","10.2.2","Reciprocity (dyad-based and arc-based)","Network|Whole Networks|Reciprocity","xReciprocity","xreciprocity","xreciprocity","xreciprocity(net, method=c(""dyad"",""arc""))"
"10","10.2.3","Transitivity; cyclicality","Network|Whole Networks|Transitivity; ...|Cyclicality","xTransitivity, xCyclicality","xtransitivity","xtransitivity, xcyclicality","xtransitivity(net, directed=NULL); xcyclicality(net)"
"10","10.3.1","Components; component ratio; fragmentation; connectedness","Network|Regions|Components; Network|Whole Networks|Multiple Measures","xComponents, xConnectedness, xFragmentation","xcomponents","xcomponents, xcohesion","xcomponents(net, type=c(""weak"",""strong"")); xcohesion(net)"
"10","10.3.1","Key player (fragmentation-based node removal)","Network|Keyplayer","(none)","xkeyplayer","xkeyplayer","xkeyplayer(net, k=, goal=c(""fragment"",""reach""))"
"10","10.3.2","Distance-based: average distance, compactness, breadth, proportion reachable","Network|Whole Networks|Multiple Measures","xAverageDistance, xCompactness, xBreadth, xProportionReach","xcohesion","xcohesion","xcohesion(net)"
"10","10.4","Centralization (for any centrality measure)","Network|Whole Networks|Centralization","xCentralization","xcentralization","xcentralization","xcentralization(net, measure=c(""degree"",""closeness"",""betweenness"",""eigenvector""))"
"10","10.4","Core-peripheriness (continuous CP correlation as a whole-network measure)","Network|Core/Periphery|Continuous","xContinuousCorePeriphery (used here as a score)","xcoreperiphery","xcoreperiphery","xcoreperiphery(net, type=""continuous"")$fit"
"10","10.5","Density by groups; homophily (E-I index etc.)","Network|Mixing/Density Tables; Network|Whole Networks|Homophily|Categorical","xGroupsCohesion (0.x: xGroupHomophily)","xdensitybygroups","xdensitybygroups, xhomophily","xdensitybygroups(net, attribute); xhomophily(net, attribute)"
"11","11 (all)","Umbrella community-detection call","(none)","(none)","xcommunities","xcommunities","xcommunities(net, method=c(""louvain"",""fastgreedy"",""girvannewman"",""labelpropagation"",""factions""))"
"11","11.2 / 11.2.1","Cliques, clique co-membership, clique overlap","Network|Communities/Subgroups|Cliques","xCliques, xCliqueComembership, xCliqueOverlap (0.x: xCliquesMembership, xCliquesCoMembership, xCliquesOverlap)","xcliques","xcliques","xcliques(net, min=3)"
"11","11.2.2","Bimodal method (cliques + clustering of co-membership; new in 3e)","Cliques + Johnson's Hierarchical Clustering","(none)","xcliques","xcliques + xhclust","xhclust(xcliques(net)$comembership)"
"11","11.3","Girvan–Newman","Network|Communities/Subgroups|Girvan-Newman","xGirvanNewman","xgirvannewman","xgirvannewman","xgirvannewman(net, k=NULL)"
"11","11.4.1","Factions","Network|Communities/Subgroups|Factions","(none)","xfactions","xfactions","xfactions(net, k=)"
"11","11.4.1","Fast greedy modularity","Network|Communities/Subgroups|Fast Greedy","xFastGreedy","xfastgreedy","xfastgreedy","xfastgreedy(net)"
"11","11.4.1","QuickClus (3e only)","Network|Communities/Subgroups|QuickClus","(none)","drop","(drop?)",""
"11","11.4.2","Louvain","Network|Communities/Subgroups|Louvain Method","xLouvainMethod","xlouvain","xlouvain","xlouvain(net, resolution=1)"
"11","11.4.2 (ASNR)","Walktrap (ASNR only; not in 3e)","(none)","xWalkTrap (index: xWalktrap)","xwalktrap","xwalktrap","xwalktrap(net)"
"11","11.5","Label propagation","Network|Communities/Subgroups|LabelPropagation","xLabelProp (index: xLabelPropagation; 0.x: xLabelPropagation)","xlabelpropagation","xlabelpropagation","xlabelpropagation(net)"
"12","12.2 / 12.3","Structural equivalence, profile similarity","Network|Roles & Positions|Structural Equivalence|Profile","xStructuralEquivalence, xProfileSimilarity","xstructuralequivalence","xstructuralequivalence","xstructuralequivalence(net, method=c(""correlation"",""euclidean"",""match""), cluster=TRUE)"
"12","12.4","Blockmodel display: permuted matrix, density table, image matrix","Network|Mixing Tables|Density by Groups","xCombineNodes, xDisplayBlocked","xblockmodel","xblockmodel","xblockmodel(net, partition)"
"12","12.5","Structural-equivalence optimization","Network|Roles & Positions|Structural Equivalence|Optimization","xBlockOptimize (index: xBlockOptimization)","xblockoptimize","xblockoptimize","xblockoptimize(net, k=, type=""structural"")"
"12","12.6","Regular-equivalence optimization","Network|Roles & Positions|Maximum Regular|Optimization","xBlockOptimize","xblockoptimize","xblockoptimize","xblockoptimize(net, k=, type=""regular"")"
"12","12.7","REGE","Network|Roles & Positions|Maximum Regular|REGE","xREGE","xrege","xrege","xrege(net, iterations=3)"
"12","12.8","Core–periphery, categorical and continuous","Network|Core/Periphery|Categorical; ...|Continuous","xDiscreteCorePeriphery, xContinuousCorePeriphery (also xConcentration, xEigenvector in 1e text)","xcoreperiphery","xcoreperiphery","xcoreperiphery(net, type=c(""categorical"",""continuous""), k=NULL)"
"13","13.2 / 13.3","Two-mode to one-mode (affiliations), incl. valued/normalized variants","Data|Affiliations (2-mode to 1-mode)","xTwoModeToOneMode (index: xTwomodeToOnemode)","xaffiliations","xaffiliations","xaffiliations(net, mode=c(""rows"",""cols""), method=c(""crossproduct"",""minimum"",""jaccard"",""bonacich"",""correlation""))"
"13","13.4","Two-mode to bipartite","Transform|Graph Theoretic|Bipartite","xTwoModeToBipartite","xbipartite","xbipartite","xbipartite(net)"
"13","13.5","Bi-cliques","Network|2-mode Networks|BiCliques","xBiCliques, xBiComembership","xbicliques","xbicliques","xbicliques(net, min_rows=3, min_cols=3)"
"13","13.5.1","Dual-projection Louvain (2-mode)","(2-mode Louvain in recent UCINET)","xDualLouvainMethod","xlouvain","xlouvain (2-mode aware)","xlouvain(net)  # detects 2-mode"
"13","13.6","Two-mode core–periphery","(2-mode core/periphery in recent UCINET)","xDualCorePeriphery, xDualDiscreteCorePeriphery","xcoreperiphery","xcoreperiphery (2-mode aware)","xcoreperiphery(net, type=)"
"13","13.7.1 / 13.7.2","Two-mode structural / regular equivalence","Tools|Similarities & Distances + hierarchical clustering; REGE","(none)","xsimilarities","xsimilarities, xhclust, xrege",""
"14","14.3","Group-level tests (regression across groups: classic and permutation)","Tools|Testing Hypotheses|Node-level|Regression","xPermuteRegression","xregression","xregression","xregression(y ~ x, data, nperm=5000)  # nperm=0 gives the classical test"
"14","14.4","Node-level permutation correlation / regression","Tools|Testing Hypotheses|Node-level|Regression","xPermuteCorrelation, xPermuteRegression (index: xPermuteCor; overview: xCorrelation, xRegression)","xcorrelation","xcorrelation, xregression","xcorrelation(x, y, nperm=5000); xregression(y ~ x1 + x2, data, nperm=5000)"
"14","14.4","Network autoregressive model","Tools|Testing Hypotheses|Node-level|Autoregressive Model","xAutoRegression (index: xAutoregression)","xautoregression","xautoregression","xautoregression(y ~ x, data, net, model=c(""lag"",""error""))"
"14","14.5.1","QAP correlation","Tools|Testing Hypotheses|Dyadic (QAP)|QAP Correlation","xQAPCorrelation","xqap","xqap","xqap(net1, net2, nperm=5000, method=c(""pearson"",""jaccard"",...))"
"14","14.5.2","QAP (MR-QAP) regression, Double Dekker semi-partialling","Tools|Testing Hypotheses|Dyadic (QAP)|MR-QAP Linear Regression|Double Dekker","xQAPRegression (glossary: xMRQAP)","xmrqap","xmrqap","xmrqap(y ~ x1 + x2, nets, nperm=2000, method=c(""dsp"",""yperm""))"
"14","14.5.2","QAP logistic regression","Tools|Testing Hypotheses|Dyadic (QAP)|LR-QAP Logistic Regression","xQAPLogisticRegression (glossary: xLRQAP)","xlrqap","xlrqap","xlrqap(y ~ x1 + x2, nets, nperm=2000)"
"14","5.5.8 / 10.5","ANOVA density model (mixed dyadic–nodal, categorical)","Tools|Testing Hypotheses|Mixed Dyadic-Nodal|Categorical","(none)","xdensitybygroups","xdensitybygroups(test=TRUE)","xdensitybygroups(net, attribute, test=TRUE, nperm=)"
"15","15.x","ERGMs","(none — 3e ch 15 already uses R: statnet/ergm)","(statnet::ergm)","statnet","(statnet)","ergm(as_network(net) ~ edges + ...)"
